deletion	chr13:1-1300	1300	0.248553	1.65502e-08	1.13431e-09	1	1	1
duplication	chr13:16551-19000	2450	1.61066	0.0266707	65535.9	396559	4.03184e+08	1
deletion	chr13:25301-26450	1150	0.137168	5.26622e-08	260118	1	1	1
deletion	chr13:55851-56050	200	0.0890486	196.204	0.00405958	1	1	1
deletion	chr13:503201-503450	250	0.0610619	385.651	0.0222618	1	1	1
deletion	chr13:572051-572450	400	0	0.000574076	7.09158e-22	1	1	1
deletion	chr13:799701-799950	250	0.020354	0.5773	6.86743e-09	1	1	1
deletion	chr13:982101-984600	2500	0.260531	6.3749e-11	2.84445e+07	1.0474e-06	1.58096e-29	1
deletion	chr13:1052151-1053050	900	0.0226155	1.77081e-10	1.36293e-23	1	1	1
duplication	chr13:1253551-1256550	3000	1.89122	0	177675	7.16029e-06	4.98462e-30	1
deletion	chr13:1300051-1300350	300	0	0.349742	3.18101e-14	1	1	1
deletion	chr13:1394551-1395400	850	0.323269	0.000548487	2.56426e-05	1	1	1
deletion	chr13:2036001-2036200	200	0.0127212	21.9841	2.29637e-05	1	1	1
deletion	chr13:2103551-2103750	200	0	260.082	1.42688e-06	1	1	1
deletion	chr13:2286101-2286800	700	0.0109039	2.27675e-10	9.6516e-33	1	1	1
deletion	chr13:2290301-2290500	200	0.10177	657.986	0.00405958	1	1	1
deletion	chr13:2484751-2485750	1000	0.00508849	1.59373e-10	5.36332e-56	1	1	1
deletion	chr13:2595351-2595700	350	0.0290771	0.0222336	5.264e-12	1	1	1
deletion	chr13:2683151-2684800	1650	0.00616787	9.65894e-11	1.95238e-80	1	1	1
deletion	chr13:2762801-2763350	550	0.0693885	0.00362065	5.06694e-11	1	1	1
deletion	chr13:2895201-2895350	150	0	8249.11	0.00955651	1	1	1
deletion	chr13:2903801-2904250	450	0.0508849	0.0526404	1.97812e-07	1	1	1
deletion	chr13:2976501-2977950	1450	0.0894873	2.75879e-08	2.81285e+09	1	1	1
deletion	chr13:3734951-3735200	250	0	9.20731	2.13048e-10	1	1	1
deletion	chr13:4221901-4222950	1050	0.0145385	1.51783e-10	6.22365e-38	1	1	1
deletion	chr13:4276651-4281150	4500	0.000565388	3.54161e-11	1.88685e-308	6.3749e-11	1.45368e-182	1
deletion	chr13:4282801-4286100	3300	0.00154197	4.82947e-11	7.13931e-205	1.22594e-10	9.64585e-91	1
deletion	chr13:4350201-4350600	400	0	0.000574076	7.09158e-22	1	1	1
deletion	chr13:4353951-4354400	450	0	2.42749e-05	1.05884e-25	1	1	1
deletion	chr13:4395351-4395500	150	0	8249.11	0.00955651	1	1	1
deletion	chr13:4440351-4440500	150	0	8249.11	0.00955651	1	1	1
deletion	chr13:4731851-4732550	700	0.0109039	2.27675e-10	9.6516e-33	1	1	1
deletion	chr13:4800551-4801050	500	0.0152655	4.66643e-07	6.82577e-21	1	1	1
deletion	chr13:4927001-4927500	500	0.0865044	0.000437788	8.03358e-16	1	1	1
deletion	chr13:4973001-4973150	150	0	8249.11	0.00955651	1	1	1
deletion	chr13:5006801-5007150	350	0	0.01393	4.74957e-18	1	1	1
deletion	chr13:5026601-5026900	300	0.0593657	55.6526	0.00278188	1	1	1
deletion	chr13:5107451-5107650	200	0.0381637	639.5	0.00405958	1	1	1
deletion	chr13:5393801-5393950	150	0	8249.11	0.00955651	1	1	1
deletion	chr13:5572001-5574000	2000	0.00127212	7.96863e-11	3.07698e-132	1	1	1
deletion	chr13:5791801-5792750	950	0.281206	4.16851e-05	5.70334e-07	1	1	1
deletion	chr13:5877051-5877600	550	0.296058	1.49308	6.55085e-07	1	1	1
deletion	chr13:6035601-6037600	2000	0.736559	0.00239777	2.38176e+06	1	1	1
deletion	chr13:6339401-6340200	800	0	1.99216e-10	1.75167e-52	1	1	1
deletion	chr13:7135051-7136150	1100	0	1.44884e-10	1.94082e-75	1	1	1
deletion	chr13:7615351-7617700	2350	0.661504	7.15837e-05	3.7518e+07	49474.8	3.17792e+07	1
deletion	chr13:7638901-7640850	1950	0.0587134	8.17295e-11	1.00224e-46	1	1	1
deletion	chr13:7641401-7644450	3050	0.000834179	5.22533e-11	3.01246e-206	1.51783e-10	1.29986e-71	1
deletion	chr13:7762001-7764900	2900	0.237755	5.4956e-11	2.86389e+09	29.2425	2.86879e+09	1
deletion	chr13:7767751-7768350	600	0.267146	0.328656	0.00945694	1	1	1
deletion	chr13:7865601-7866350	750	0.030531	2.12497e-10	1.33848e-24	1	1	1
deletion	chr13:7870601-7870850	250	0	9.20731	2.13048e-10	1	1	1
deletion	chr13:8735351-8736000	650	0.0313138	1.12394e-06	1.29789e-14	1	1	1
deletion	chr13:9239001-9239500	500	0.173009	0.00450029	2.72401e-11	1	1	1
duplication	chr13:9382401-9383550	1150	2.08628	0.000341087	0.000218464	1	1	1
deletion	chr13:9532301-9532500	200	0.0763274	1497.32	0.0446535	1	1	1
deletion	chr13:9641801-9642200	400	0.0127212	3.49137e-05	3.68632e-17	1	1	1
deletion	chr13:9650151-9650600	450	0	2.42749e-05	1.05884e-25	1	1	1
deletion	chr13:9786051-9788050	2000	0.0127212	7.96863e-11	4.24519e-63	1	1	1
deletion	chr13:9789351-9790600	1250	0.272743	3.39145e-08	5.78831e-09	1	1	1
deletion	chr13:9793151-9793550	400	0.00636062	2.61371e-07	1.83676e-19	1	1	1
deletion	chr13:9794851-9795250	400	0.0699668	0.0227527	6.53934e-11	1	1	1
deletion	chr13:9988001-9988150	150	0	8249.11	0.00955651	1	1	1
deletion	chr13:10180001-10180650	650	0.0156569	2.45188e-10	2.14513e-26	1	1	1
duplication	chr13:10263001-10263750	750	2.18805	0.0309759	4.33517e-07	1	1	1
deletion	chr13:10357451-10357600	150	0	8249.11	0.00955651	1	1	1
deletion	chr13:10794601-10795300	700	0.207174	0.0346461	0.00773053	1	1	1
deletion	chr13:11086101-11086300	200	0.0254425	35.1838	2.29637e-05	1	1	1
deletion	chr13:11228151-11228350	200	0.114491	484.13	0.0446535	1	1	1
deletion	chr13:11280751-11280950	200	0.0763274	1497.32	0.0446535	1	1	1
deletion	chr13:11321101-11321250	150	0	8249.11	0.00955651	1	1	1
deletion	chr13:11413901-11414050	150	0	8249.11	0.00955651	1	1	1
deletion	chr13:11681101-11681350	250	0.213717	111.43	0.0222618	1	1	1
duplication	chr13:11752801-11753750	950	2.02736	0.00625484	1.13834e-08	1	1	1
deletion	chr13:11806401-11806900	500	0.223894	1.28942	1.73091e-05	1	1	1
deletion	chr13:11815451-11818600	3150	0.120347	5.05944e-11	7.33535e-36	1.38585e-10	4.01355e-28	1
deletion	chr13:11819851-11821150	1300	0.0645847	1.22594e-10	6.25777e-33	1	1	1
duplication	chr13:11974801-11976000	1200	3.27148	2.75252e-05	3.28361e-20	1	1	1
deletion	chr13:12011751-12018250	6500	0.517852	2.45188e-11	142.134	3.54161e-11	25147.4	1
deletion	chr13:12169851-12171200	1350	0.32981	1.22776e-08	2.22287e-10	1	1	1
duplication	chr13:12171201-12174600	3400	1.51906	8.10288e-05	2.08283e+08	0.514378	78929	1
deletion	chr13:12288051-12288850	800	0.550193	0.005593	24.0548	1	1	1
deletion	chr13:12376651-12377850	1200	0.171737	2.65621e-10	2.95373e-08	1	1	1
deletion	chr13:12742001-12742250	250	0.020354	4.09935	1.88748e-07	1	1	1
duplication	chr13:13209251-13210450	1200	2.24742	0.033577	1.73057e+08	1	1	1
deletion	chr13:13222051-13222800	750	0.179793	2.30134e-07	1.33848e-24	1	1	1
deletion	chr13:13254401-13254700	300	0.0593657	55.6526	0.00278188	1	1	1
deletion	chr13:13265551-13266100	550	0	4.57834e-08	2.36053e-33	1	1	1
deletion	chr13:13293551-13294900	1350	0.154539	1.18054e-10	1.1606e-29	1	1	1
duplication	chr13:13383801-13391900	8100	1.50016	0	5.54155e+06	0	2.59331e+07	1
deletion	chr13:13736051-13736450	400	0.0508849	0.00928155	6.94507e-13	1	1	1
deletion	chr13:13882901-13883100	200	0.0127212	21.9841	2.29637e-05	1	1	1
deletion	chr13:13914451-13914650	200	0.0636062	1388.91	0.0446535	1	1	1
deletion	chr13:13931151-13934650	3500	0.496491	4.5535e-11	6.6729e-07	2.66833e-05	572.622	1
deletion	chr13:14069001-14069300	300	0.0254425	0.693987	4.8273e-09	1	1	1
deletion	chr13:14207251-14207550	300	0	0.349742	3.18101e-14	1	1	1
duplication	chr13:14310101-14313700	3600	1.31241	4.67183e-05	1.78498e+08	226.547	8.35324e+08	1
deletion	chr13:14313851-14314250	400	0.0127212	3.49137e-05	3.68632e-17	1	1	1
deletion	chr13:14870851-14871050	200	0	260.082	1.42688e-06	1	1	1
deletion	chr13:14937551-14941000	3450	0.482301	4.61949e-11	0.00213522	1.97842e-09	22.6495	1
deletion	chr13:15251801-15252600	800	0	1.99216e-10	1.75167e-52	1	1	1
deletion	chr13:15273651-15274400	750	0	2.12497e-10	1.17318e-48	1	1	1
deletion	chr13:15274551-15274850	300	0.0339233	0.685401	4.8273e-09	1	1	1
deletion	chr13:16051001-16051350	350	0.0218078	0.00238157	6.35365e-14	1	1	1
deletion	chr13:16072901-16085600	12700	0.514459	1.2549e-11	8.03628e-26	1.48946e-11	2.22059e-20	1
deletion	chr13:16252651-16252800	150	0	8249.11	0.00955651	1	1	1
duplication	chr13:16424601-16426100	1500	2.00147	0.00120166	0.555447	1	1	1
deletion	chr13:16552651-16553250	600	0.00848082	2.65621e-10	4.17709e-30	1	1	1
deletion	chr13:16768851-16769100	250	0.132301	80.9473	8.86769e-05	1	1	1
deletion	chr13:16773001-16775150	2150	0.565651	0.033567	4.39738e+08	174877	155634	1
deletion	chr13:17285501-17286150	650	0.035228	2.94226e-07	2.6814e-17	1	1	1
deletion	chr13:17813401-17813950	550	0	4.57834e-08	2.36053e-33	1	1	1
deletion	chr13:18183401-18183750	350	0.0218078	0.00238157	6.35365e-14	1	1	1
deletion	chr13:18356601-18359150	2550	0.457964	6.2499e-11	0.0116883	20.9112	707.802	1
deletion	chr13:18397001-18398750	1750	0	9.107e-11	3.55745e-125	1	1	1
deletion	chr13:18491851-18492050	200	0	260.082	1.42688e-06	1	1	1
deletion	chr13:18695451-18696200	750	0.0135693	2.12497e-10	8.4599e-32	1	1	1
deletion	chr13:19328151-19333000	4850	0.510948	3.28603e-11	1.06728e-24	5.59202e-11	6.51244e-11	1
deletion	chr13:19692201-19695150	2950	0.142305	5.40246e-11	1.89483e+09	25.4733	4.97164e+08	1
deletion	chr13:19771251-19771550	300	0.0508849	3.74898	1.76103e-07	1	1	1
duplication	chr13:19822401-19823750	1350	2.34824	0.0209542	5.19974	1	1	1
deletion	chr13:19826801-19827450	650	0.035228	4.76426e-06	4.23864e-12	1	1	1
deletion	chr13:19861451-19861650	200	0.0763274	1109.63	0.00405958	1	1	1
deletion	chr13:20541201-20541350	150	0	8249.11	0.00955651	1	1	1
deletion	chr13:20753201-20753450	250	0.173009	179.779	0.0222618	1	1	1
deletion	chr13:21232651-21233450	800	0.00318031	1.99216e-10	1.17509e-47	1	1	1
deletion	chr13:21251051-21251200	150	0	8249.11	0.00955651	1	1	1
deletion	chr13:21465151-21465350	200	0.0763274	460.735	0.00405958	1	1	1
deletion	chr13:21546301-21547200	900	0.0254425	1.77081e-10	4.12456e-20	1	1	1
deletion	chr13:21565301-21566050	750	0.0135693	2.12497e-10	8.158e-40	1	1	1
deletion	chr13:21575701-21578900	3200	0.020672	4.98039e-11	33745.5	1.3281e-10	4.32676e-83	1
deletion	chr13:21650551-21651650	1100	0	1.44884e-10	1.94082e-75	1	1	1
deletion	chr13:21838651-21839000	350	0	0.01393	4.74957e-18	1	1	1
deletion	chr13:21875401-21875900	500	0.00508849	3.18745e-10	1.64269e-26	1	1	1
deletion	chr13:21949901-21953350	3450	0	4.61949e-11	2.95227e-255	1.09912e-10	3.21075e-102	1
duplication	chr13:22106101-22108050	1950	1.68442	0.000135279	22.2	1	1	1
duplication	chr13:22108201-22110800	2600	3.10007	2.45188e-10	0.0438994	75.2033	7.29831e-20	1
deletion	chr13:22281251-22281600	350	0.109039	4.60135	2.7673e-05	1	1	1
deletion	chr13:22453701-22454350	650	0.0156569	2.45188e-10	2.14513e-26	1	1	1
duplication	chr13:22454351-22456800	2450	1.72593	0.000723443	29.9667	1959.73	3.85573e+07	1
deletion	chr13:22457951-22458250	300	0.0508849	24.8601	0.000133495	1	1	1
deletion	chr13:22910201-22910650	450	0.0339233	6.33453e-06	2.13877e-20	1	1	1
deletion	chr13:23208501-23208750	250	0.0407079	70.8187	8.86769e-05	1	1	1
deletion	chr13:23593701-23595100	1400	0.114491	0.000154372	2.87099e+09	1	1	1
deletion	chr13:23845401-23845600	200	0.0254425	182.596	0.000325322	1	1	1
deletion	chr13:24217651-24218950	1300	0.123298	1.22594e-10	9.35874e-13	1	1	1
deletion	chr13:24449751-24449950	200	0.0508849	304.118	0.000325322	1	1	1
duplication	chr13:24638251-24639900	1650	2.28674	1.00024e-05	4.33663e+08	1	1	1
duplication	chr13:24641801-24644250	2450	1.83705	0.00339933	2062.55	8630.25	1.27464e+07	1
deletion	chr13:24898751-24899500	750	0.149262	0.0314285	2.79871	1	1	1
deletion	chr13:25004651-25005100	450	0.118731	0.108404	2.73836e-09	1	1	1
deletion	chr13:25342651-25342950	300	0	0.349742	3.18101e-14	1	1	1
deletion	chr13:25378301-25378600	300	0.00848082	0.0026341	2.05375e-12	1	1	1
deletion	chr13:25590851-25591100	250	0.244248	391.455	0.0222618	1	1	1
deletion	chr13:25696551-25696900	350	0.0581542	0.878163	1.86572e-08	1	1	1
duplication	chr13:25780951-25785550	4600	1.44248	0	1011.91	0.0196044	34064.5	1
deletion	chr13:26303701-26304100	400	0.0127212	3.49137e-05	3.68632e-17	1	1	1
deletion	chr13:26608401-26608900	500	0.264602	0.566118	0.000820484	1	1	1
deletion	chr13:27019301-27021400	2100	0.013327	7.58917e-11	5.93456e-44	328678	64.0045	1
deletion	chr13:27087501-27088400	900	0.00848082	1.77081e-10	1.36473e-44	1	1	1
deletion	chr13:27389701-27390250	550	0	4.57834e-08	2.36053e-33	1	1	1
deletion	chr13:27558701-27559000	300	0.262905	4.19416	0.00278188	1	1	1
deletion	chr13:27930201-27930550	350	0.0436156	1.5252	8.00517e-07	1	1	1
duplication	chr13:28081451-28085450	4000	2.6104	0	0.000267415	8.30626e-05	876.212	1
duplication	chr13:28110851-28116350	5500	1.57743	0	2.69344e+09	0.00222488	2.7567e+09	1
duplication	chr13:28350901-28352850	1950	1.94015	7.99413e-06	0.000677057	1	1	1
duplication	chr13:28570301-28572600	2300	1.36615	0.000388991	1.70446e+06	218314	1.08941e+09	1
deletion	chr13:28951401-28951850	450	0.0282694	0.00111991	2.29204e-13	1	1	1
deletion	chr13:29062401-29063500	1100	0.00231295	1.44884e-10	8.40588e-69	1	1	1
deletion	chr13:29116151-29116350	200	0.0636062	1388.91	0.0446535	1	1	1
deletion	chr13:29198251-29198950	700	0.0290771	6.98962e-08	2.07723e-16	1	1	1
deletion	chr13:29348101-29348500	400	0.0190818	0.00062163	5.74021e-15	1	1	1
deletion	chr13:29349751-29350400	650	0.0273996	2.18953e-07	2.6814e-17	1	1	1
deletion	chr13:29653401-29654400	1000	0.00508849	1.59373e-10	5.36332e-56	1	1	1
deletion	chr13:29748951-29749450	500	0.0152655	4.66643e-07	6.82577e-21	1	1	1
deletion	chr13:29839451-29842950	3500	0	4.5535e-11	4.40803e-259	1.06248e-10	4.79397e-106	1
deletion	chr13:29916801-29917050	250	0.0712389	113.37	8.86769e-05	1	1	1
deletion	chr13:29949401-29950750	1350	0	1.18054e-10	1.44022e-94	1	1	1
deletion	chr13:30066401-30073150	6750	0.472664	2.36107e-11	5.34789e-15	3.35521e-11	5.74446e-08	1
deletion	chr13:30652701-30657250	4550	0	3.50269e-11	0	6.2499e-11	2.1705e-186	1
deletion	chr13:30717501-30717950	450	0	2.42749e-05	1.05884e-25	1	1	1
deletion	chr13:30720951-30721200	250	0.111947	779.41	0.0222618	1	1	1
deletion	chr13:30821101-30821400	300	0.0508849	24.8601	0.000133495	1	1	1
deletion	chr13:30932901-30933950	1050	0	1.51783e-10	1.29986e-71	1	1	1
deletion	chr13:30987301-30987650	350	0	0.01393	4.74957e-18	1	1	1
deletion	chr13:31065651-31065950	300	0.0339233	3.04015	1.76103e-07	1	1	1
deletion	chr13:31396651-31397500	850	0.0209526	1.87497e-10	2.62562e-25	1	1	1
deletion	chr13:31422851-31423050	200	0.0636062	1388.91	0.0446535	1	1	1
deletion	chr13:31584801-31585300	500	0	1.0474e-06	1.58096e-29	1	1	1
deletion	chr13:32319751-32319950	200	0	260.082	1.42688e-06	1	1	1
deletion	chr13:32320201-32325550	5350	0.334319	2.97893e-11	2.49444e+09	5.56614e-09	2.62905e+09	1
deletion	chr13:32350451-32352300	1850	0.00825161	8.61473e-11	1.73993e-73	1	1	1
duplication	chr13:32756151-32759700	3550	2.50984	0	2.7551e+09	0	2.39558e-51	1
deletion	chr13:33025351-33025550	200	0.0890486	1945.08	0.0446535	1	1	1
duplication	chr13:33122501-33125600	3100	2.21431	1.02821e-10	128631	12.294	8.22149e+07	1
duplication	chr13:33362951-33364250	1300	1.99234	0.000114464	8.74963e-12	1	1	1
duplication	chr13:33365651-33366750	1100	2.45173	0.0169722	4.26102e-06	1	1	1
deletion	chr13:33512701-33513300	600	0	2.12497e-09	3.5245e-37	1	1	1
deletion	chr13:33514301-33514700	400	0	0.000574076	7.09158e-22	1	1	1
deletion	chr13:33516951-33517200	250	0.0508849	179.41	0.0015187	1	1	1
deletion	chr13:33751701-33751850	150	0	8249.11	0.00955651	1	1	1
deletion	chr13:33752851-33753450	600	0	2.12497e-09	3.5245e-37	1	1	1
deletion	chr13:33836301-33836600	300	0.0424041	2.88828	1.76103e-07	1	1	1
deletion	chr13:33860751-33861350	600	0.0890486	1.14541e-05	6.20722e-18	1	1	1
deletion	chr13:33863901-33864900	1000	0	1.59373e-10	8.70579e-68	1	1	1
deletion	chr13:34389551-34394200	4650	0.488605	3.42737e-11	2.871e+09	6.01406e-11	1.6584e-13	1
deletion	chr13:34495401-34495650	250	0	9.20731	2.13048e-10	1	1	1
deletion	chr13:34510801-34511100	300	0	0.349742	3.18101e-14	1	1	1
duplication	chr13:34517201-34520850	3650	1.37459	5.73479e-07	21767.3	1.48375	2.14827e+06	1
deletion	chr13:34548851-34551300	2450	0	6.505e-11	9.73602e-179	2.42749e-05	1.05884e-25	1
deletion	chr13:34840401-34840750	350	0.0508849	3.98371	2.7673e-05	1	1	1
deletion	chr13:35123201-35124850	1650	0.0092518	9.65894e-11	1.95238e-80	1	1	1
deletion	chr13:35127801-35128050	250	0	9.20731	2.13048e-10	1	1	1
deletion	chr13:35160951-35161750	800	0	1.99216e-10	1.75167e-52	1	1	1
deletion	chr13:35256351-35256950	600	0.0890486	0.00524593	2.5426e-06	1	1	1
deletion	chr13:35259851-35260050	200	0.0508849	107.661	0.000325322	1	1	1
deletion	chr13:35280951-35281900	950	0	1.67761e-10	5.83068e-64	1	1	1
deletion	chr13:35284051-35284250	200	0	260.082	1.42688e-06	1	1	1
deletion	chr13:35435351-35435550	200	0	260.082	1.42688e-06	1	1	1
deletion	chr13:35566951-35567800	850	0	1.87497e-10	2.61542e-56	1	1	1
deletion	chr13:35595251-35596200	950	0	1.67761e-10	5.83068e-64	1	1	1
deletion	chr13:35618501-35618800	300	0.0763274	22.9292	5.32303e-06	1	1	1
deletion	chr13:35645851-35646400	550	0	4.57834e-08	2.36053e-33	1	1	1
deletion	chr13:36067151-36071100	3950	0.451523	4.03475e-11	0.0514329	5.80279e-09	14212	1
deletion	chr13:36112851-36113350	500	0.010177	3.18745e-10	1.64269e-26	1	1	1
deletion	chr13:36116401-36116650	250	0	9.20731	2.13048e-10	1	1	1
deletion	chr13:36143801-36144350	550	0.20354	0.363733	4.56745e-05	1	1	1
deletion	chr13:36151301-36153300	2000	0.00381637	7.96863e-11	9.17292e-110	1	1	1
deletion	chr13:36254351-36254800	450	0.0113078	6.50948e-07	2.13877e-20	1	1	1
deletion	chr13:36317101-36320300	3200	0.522366	4.98039e-11	1.45998e-05	2.64293e-07	1.09727e-05	1
deletion	chr13:36321051-36337650	16600	0.551611	9.60075e-12	1.37035e-25	1.09159e-11	5.44142e-31	1
deletion	chr13:36338201-36433250	95050	0.630989	1.67672e-12	2.871e+09	1.71276e-12	2.871e+09	1
deletion	chr13:36439301-36439900	600	0	2.12497e-09	3.5245e-37	1	1	1
duplication	chr13:36443301-36447100	3800	1.28417	0.00339779	1.52971e+08	549.985	7.15868e+08	1
deletion	chr13:36447101-36448600	1500	0.00678466	1.06248e-10	2.49285e-72	1	1	1
deletion	chr13:36574051-36574850	800	0.0222622	1.99216e-10	2.63945e-23	1	1	1
deletion	chr13:36588401-36588850	450	0	2.42749e-05	1.05884e-25	1	1	1
deletion	chr13:36603651-36603850	200	0	260.082	1.42688e-06	1	1	1
duplication	chr13:36608551-36610200	1650	1.34151	0.0293905	12100.6	1	1	1
deletion	chr13:36610401-36610700	300	0	0.349742	3.18101e-14	1	1	1
deletion	chr13:36614901-36615700	800	0.00636062	1.99216e-10	4.73319e-43	1	1	1
deletion	chr13:36617151-36617300	150	0	8249.11	0.00955651	1	1	1
deletion	chr13:36617551-36619200	1650	0.0231295	9.65894e-11	1.25892e-14	1	1	1
deletion	chr13:36639051-36639550	500	0	1.0474e-06	1.58096e-29	1	1	1
deletion	chr13:36658751-36658950	200	0	260.082	1.42688e-06	1	1	1
deletion	chr13:36664051-36665300	1250	0	1.27498e-10	6.46029e-87	1	1	1
deletion	chr13:36671651-36671800	150	0	8249.11	0.00955651	1	1	1
deletion	chr13:36673201-36677550	4350	0	3.66374e-11	0	6.78181e-11	4.36721e-171	1
duplication	chr13:36677551-36680900	3350	1.2539	4.19368e-05	6.1858e+07	3.91209	114848	1
deletion	chr13:36680901-36681100	200	0	260.082	1.42688e-06	1	1	1
deletion	chr13:36695251-36696600	1350	0.0226155	1.18054e-10	2.49119e-45	1	1	1
deletion	chr13:36698301-36699000	700	0	2.27675e-10	7.85734e-45	1	1	1
deletion	chr13:36721301-36721800	500	0	1.0474e-06	1.58096e-29	1	1	1
deletion	chr13:36737151-36737600	450	0.113078	0.00718292	2.29204e-13	1	1	1
deletion	chr13:36744301-36753350	9050	0	1.76102e-11	0	2.2606e-11	0	1
deletion	chr13:36767051-36767450	400	0	0.000574076	7.09158e-22	1	1	1
deletion	chr13:36781851-36783500	1650	0.257509	7.44704e-08	122.42	1	1	1
deletion	chr13:36808301-36863150	54850	0.00041747	2.90561e-12	0	3.01556e-12	0	1
deletion	chr13:36865751-36866500	750	0.0474926	1.84872e-08	3.32455e-18	1	1	1
duplication	chr13:36866751-36871250	4500	1.35467	4.72522e-06	2.94553e+08	0.203532	8.25452e+06	1
deletion	chr13:36913201-36913450	250	0.0915929	326.974	0.0015187	1	1	1
duplication	chr13:37112901-37123250	10350	1.28736	3.73378e-07	1.38798e+09	1.50166e-05	1.59727e+09	1
deletion	chr13:37215001-37217700	2700	0.000942313	5.90269e-11	1.40817e-181	2.27675e-10	7.85734e-45	1
deletion	chr13:37229601-37229900	300	0	0.349742	3.18101e-14	1	1	1
deletion	chr13:37230751-37231800	1050	0.0193847	1.51783e-10	5.58743e-29	1	1	1
deletion	chr13:37253501-37254350	850	0.0239458	1.87497e-10	8.5158e-22	1	1	1
duplication	chr13:37325151-37327850	2700	1.39462	0.000184118	468238	3838.09	2.99276e+08	1
deletion	chr13:37332701-37333850	1150	0.00442478	1.38585e-10	1.04748e-65	1	1	1
deletion	chr13:37353751-37354050	300	0.0254425	0.10358	1.0951e-10	1	1	1
deletion	chr13:37374651-37375300	650	0.0469707	1.63688e-06	3.72222e-20	1	1	1
deletion	chr13:37398101-37398600	500	0.0508849	0.0303061	1.73091e-05	1	1	1
duplication	chr13:37401851-37403850	2000	3.67262	0	5.00979e-153	1	1	1
deletion	chr13:37499851-37500900	1050	0.026654	1.51783e-10	1.3053e-17	1	1	1
deletion	chr13:37503351-37503650	300	0.0508849	24.8601	0.000133495	1	1	1
deletion	chr13:37510951-37511900	950	0	1.67761e-10	5.83068e-64	1	1	1
deletion	chr13:37532351-37532800	450	0.00565388	2.47913e-09	5.49292e-23	1	1	1
deletion	chr13:37534301-37536300	2000	0	7.96863e-11	2.63987e-144	1	1	1
deletion	chr13:37539001-37539200	200	0	260.082	1.42688e-06	1	1	1
duplication	chr13:37541951-37542850	900	1.59439	0.00940979	9.37899e-08	1	1	1
deletion	chr13:37542951-37543750	800	0	1.99216e-10	1.75167e-52	1	1	1
deletion	chr13:37551051-37551350	300	0.0254425	0.10358	1.0951e-10	1	1	1
deletion	chr13:37553251-37554400	1150	0.0199115	1.38585e-10	2.23798e-42	1	1	1
deletion	chr13:37562151-37562800	650	0.0117427	2.45188e-10	8.8509e-30	1	1	1
deletion	chr13:37564801-37565650	850	0	1.87497e-10	2.61542e-56	1	1	1
deletion	chr13:37573401-37574250	850	0.0149662	1.87497e-10	3.33638e-37	1	1	1
deletion	chr13:37631001-37631950	950	0.0160689	1.67761e-10	1.73075e-33	1	1	1
deletion	chr13:37650601-37650750	150	0	8249.11	0.00955651	1	1	1
deletion	chr13:37696301-37698100	1800	0.416974	0.04758	1.01617e+09	1	1	1
deletion	chr13:37700251-37700600	350	0	0.01393	4.74957e-18	1	1	1
deletion	chr13:37709701-37710050	350	0	0.01393	4.74957e-18	1	1	1
deletion	chr13:37724451-37724600	150	0	8249.11	0.00955651	1	1	1
deletion	chr13:37753801-37754800	1000	0.333296	0.000459408	11.6468	1	1	1
duplication	chr13:37754801-37762350	7550	1.34929	6.93839e-05	6.34483e+08	1.49322e-09	6550.21	1
deletion	chr13:37762351-37763800	1450	0.0228105	1.09912e-10	5.11898e-19	1	1	1
deletion	chr13:37799551-37799950	400	0.0127212	3.49137e-05	3.68632e-17	1	1	1
deletion	chr13:37830101-37830500	400	0	0.000574076	7.09158e-22	1	1	1
deletion	chr13:37833701-37835000	1300	0	1.22594e-10	9.64585e-91	1	1	1
deletion	chr13:37842551-37842900	350	0.0436156	0.036794	5.264e-12	1	1	1
deletion	chr13:37860151-37860300	150	0	8249.11	0.00955651	1	1	1
deletion	chr13:37874651-37875150	500	0	1.0474e-06	1.58096e-29	1	1	1
deletion	chr13:37881851-37882100	250	0	9.20731	2.13048e-10	1	1	1
duplication	chr13:37923151-37926150	3000	1.284	0.000150828	2.83595e+08	54152.5	1.32716e+09	1
deletion	chr13:37926151-37927050	900	0	1.77081e-10	3.90509e-60	1	1	1
duplication	chr13:37927051-37932800	5750	1.28805	1.20768e-06	1.56487e+08	0.000259388	1.58988e+08	1
deletion	chr13:37932801-37933250	450	0.0113078	6.50948e-07	2.13877e-20	1	1	1
deletion	chr13:37936651-37937150	500	0	1.0474e-06	1.58096e-29	1	1	1
deletion	chr13:37945851-37946600	750	0.0135693	2.12497e-10	8.4599e-32	1	1	1
deletion	chr13:37947701-37948850	1150	0.039823	1.38585e-10	2.23798e-42	1	1	1
deletion	chr13:37951751-37952050	300	0	0.349742	3.18101e-14	1	1	1
deletion	chr13:38036951-38038500	1550	0.00984869	1.02821e-10	2.2047e-67	1	1	1
duplication	chr13:38058501-38064050	5550	1.29963	4.59452e-10	290232	2.99935e-05	7.98894e+06	1
deletion	chr13:38097351-38099050	1700	0.00748308	9.37485e-11	9.49317e-75	1	1	1
deletion	chr13:38109351-38109650	300	0.0593657	55.6526	0.00278188	1	1	1
deletion	chr13:38149651-38150300	650	0	2.45188e-10	5.26244e-41	1	1	1
deletion	chr13:38203101-38203900	800	0.238523	0.00621531	1.40709e-06	1	1	1
deletion	chr13:38222301-38222900	600	0.169616	0.0274618	2.5426e-06	1	1	1
deletion	chr13:38257001-38259250	2250	0.690904	0.003706	4.51233e+07	12467.6	211813	1
deletion	chr13:38324501-38325500	1000	0.00508849	1.59373e-10	5.36332e-56	1	1	1
deletion	chr13:38377251-38377600	350	0	0.01393	4.74957e-18	1	1	1
deletion	chr13:38440301-38440900	600	0	2.12497e-09	3.5245e-37	1	1	1
deletion	chr13:38447901-38448600	700	0.00363464	2.27675e-10	1.31391e-40	1	1	1
deletion	chr13:38449751-38450750	1000	0.00254425	1.59373e-10	9.39893e-62	1	1	1
deletion	chr13:38467101-38467900	800	0.00636062	1.99216e-10	4.73319e-43	1	1	1
deletion	chr13:38472751-38473700	950	0.00267815	1.67761e-10	3.14287e-58	1	1	1
deletion	chr13:38484101-38484750	650	0.0195711	3.67783e-09	3.45917e-23	1	1	1
deletion	chr13:38490101-38491200	1100	0.0624497	1.44884e-10	7.69148e-07	1	1	1
deletion	chr13:38517501-38518650	1150	0	1.38585e-10	2.89784e-79	1	1	1
deletion	chr13:38529101-38529850	750	0.0848082	0.000104072	1.27403e-05	1	1	1
deletion	chr13:38556951-38557700	750	0	2.12497e-10	1.17318e-48	1	1	1
deletion	chr13:38629251-38629550	300	0	0.349742	3.18101e-14	1	1	1
deletion	chr13:38692551-38693000	450	0.310963	0.0268561	0.000457351	1	1	1
deletion	chr13:38816801-38817550	750	0.115339	0.00144739	0.0693018	1	1	1
deletion	chr13:38851301-38851500	200	0	260.082	1.42688e-06	1	1	1
duplication	chr13:38907901-38910200	2300	1.41482	1.21123e-07	126083	25850.7	3.27608e+07	1
deletion	chr13:38967401-38967900	500	0	1.0474e-06	1.58096e-29	1	1	1
deletion	chr13:38980651-38981200	550	0.185036	0.000827136	2.70973e-13	1	1	1
deletion	chr13:39056901-39059250	2350	0.00108266	6.78181e-11	6.58249e-157	0.01393	4.74957e-18	1
duplication	chr13:39138851-39141500	2650	1.29036	0.00341184	5.81047e+06	6612.97	1.14754e+06	1
deletion	chr13:39141501-39142550	1050	0.0290771	1.51783e-10	5.58743e-29	1	1	1
deletion	chr13:39190951-39193200	2250	0.0158309	7.08322e-11	1.85915e-28	9.20731	2.13048e-10	1
deletion	chr13:39282801-39283400	600	0.0424041	0.000216456	2.47926e-08	1	1	1
deletion	chr13:39354551-39357750	3200	0	4.98039e-11	3.97844e-236	1.3281e-10	4.32676e-83	1
deletion	chr13:39362051-39362550	500	0	1.0474e-06	1.58096e-29	1	1	1
deletion	chr13:39377501-39378400	900	0.0367502	1.77081e-10	1.36293e-23	1	1	1
deletion	chr13:39418901-39419050	150	0	8249.11	0.00955651	1	1	1
deletion	chr13:39468601-39468900	300	0.0678466	112.23	0.0482517	1	1	1
deletion	chr13:39586201-39586550	350	0	0.01393	4.74957e-18	1	1	1
deletion	chr13:39588901-39590250	1350	0	1.18054e-10	1.44022e-94	1	1	1
deletion	chr13:39903401-39903800	400	0.0190818	5.21427e-05	3.68632e-17	1	1	1
deletion	chr13:40156401-40156600	200	0.0763274	460.735	0.00405958	1	1	1
deletion	chr13:40174901-40175400	500	0	1.0474e-06	1.58096e-29	1	1	1
duplication	chr13:40251801-40254250	2450	4.62014	0	1.7978e-132	6.52922	0	1
duplication	chr13:40254451-40256200	1750	5.58135	0.0008345	7.44026e+08	1	1	1
deletion	chr13:40256201-40256400	200	0.152655	427.103	0.0446535	1	1	1
duplication	chr13:40387501-40389100	1600	2.19282	3.98431e-09	1.41191e-20	1	1	1
deletion	chr13:40570251-40570700	450	0.0113078	6.50948e-07	2.13877e-20	1	1	1
deletion	chr13:40621851-40622050	200	0.0508849	1572.12	0.0446535	1	1	1
duplication	chr13:40692601-40694400	1800	6.71964	0	0	1	1	1
duplication	chr13:40694551-40697800	3250	4.03713	0	8.4275e-51	3.81387e-05	1.17583e-34	1
deletion	chr13:40699151-40803950	104800	0.389673	1.52073e-12	9.08832e-50	1.55032e-12	1.18819e-48	1
deletion	chr13:40904101-40910650	6550	0.476221	2.43317e-11	2.69954e-14	3.50269e-11	2.89972e-07	1
duplication	chr13:40975951-40979450	3500	1.41678	0.00215205	794612	101.245	8.57489e+07	1
deletion	chr13:41040151-41040350	200	0	260.082	1.42688e-06	1	1	1
deletion	chr13:41240001-41241100	1100	0.464903	5.46213e-08	7.69148e-07	1	1	1
deletion	chr13:41562901-41563300	400	0.178097	0.103438	4.80038e-09	1	1	1
duplication	chr13:41660201-41661650	1450	2.54425	1.32018e-05	3.06786e-26	1	1	1
deletion	chr13:41829901-41830800	900	0.302483	0.0292135	1797.1	1	1	1
deletion	chr13:41834801-41835950	1150	0.413717	222.276	2.82478e+09	1	1	1
deletion	chr13:41966351-41966750	400	0.00636062	2.61371e-07	1.83676e-19	1	1	1
deletion	chr13:42252801-42253050	250	0.122124	328.065	0.0015187	1	1	1
duplication	chr13:42254251-42255750	1500	2.83259	0.000215923	1.72713e-11	1	1	1
deletion	chr13:42488051-42490450	2400	0.0148414	6.64052e-11	6.16688e-31	0.000574076	7.09158e-22	1
deletion	chr13:42957701-42958800	1100	0.0323813	1.44884e-10	2.55752e-35	1	1	1
deletion	chr13:42992851-42993500	650	0.00782845	2.45188e-10	2.4235e-33	1	1	1
duplication	chr13:43348301-43351000	2700	1.3541	0.000162389	3.26874e+07	1353.19	5.04325e+07	1
deletion	chr13:43460251-43460650	400	0.0445243	0.015754	6.94507e-13	1	1	1
deletion	chr13:43566851-43567900	1050	0.0630004	1.51783e-10	1.3053e-17	1	1	1
deletion	chr13:43582801-43583050	250	0	9.20731	2.13048e-10	1	1	1
deletion	chr13:43736001-43736700	700	0	2.27675e-10	7.85734e-45	1	1	1
deletion	chr13:43877551-43878400	850	0.0119729	1.87497e-10	3.33638e-37	1	1	1
deletion	chr13:44293301-44293950	650	0	2.45188e-10	5.26244e-41	1	1	1
deletion	chr13:44299851-44301450	1600	0.0922289	2.14117e-06	2.871e+09	1	1	1
deletion	chr13:44564401-44565050	650	0	2.45188e-10	5.26244e-41	1	1	1
deletion	chr13:44594051-44594250	200	0.0636062	180.66	0.000325322	1	1	1
deletion	chr13:44656151-44656750	600	0.0339233	1.75049e-05	8.10947e-13	1	1	1
deletion	chr13:44740251-44740450	200	0.0890486	752.397	0.00405958	1	1	1
deletion	chr13:44823151-44824000	850	0	1.87497e-10	2.61542e-56	1	1	1
deletion	chr13:45144801-45144950	150	0	8249.11	0.00955651	1	1	1
deletion	chr13:45362501-45362650	150	0	8249.11	0.00955651	1	1	1
deletion	chr13:45440501-45442450	1950	0	8.17295e-11	1.76805e-140	1	1	1
deletion	chr13:45475451-45476450	1000	0	1.59373e-10	8.70579e-68	1	1	1
deletion	chr13:45477651-45477950	300	0.0254425	0.693987	4.8273e-09	1	1	1
duplication	chr13:45479651-45481550	1900	1.39934	6.02505e-05	49384	1	1	1
deletion	chr13:45510901-45511650	750	0	2.12497e-10	1.17318e-48	1	1	1
deletion	chr13:45520801-45521100	300	0.0254425	0.10358	1.0951e-10	1	1	1
deletion	chr13:45586401-45586850	450	0	2.42749e-05	1.05884e-25	1	1	1
deletion	chr13:46011751-46012400	650	0.0156569	2.45188e-10	2.14513e-26	1	1	1
deletion	chr13:46115951-46116100	150	0	8249.11	0.00955651	1	1	1
deletion	chr13:46476701-46477050	350	0.0581542	3.8422	2.7673e-05	1	1	1
deletion	chr13:46606551-46607200	650	0.0391422	1.22594e-09	8.8509e-30	1	1	1
deletion	chr13:46630801-46631400	600	0.0169616	7.43738e-09	1.08019e-23	1	1	1
duplication	chr13:46730801-46733200	2400	1.33255	0.0303792	5.37454e+07	278032	6.22442e+07	1
deletion	chr13:46733201-46733700	500	0.030531	0.00026831	1.72618e-13	1	1	1
deletion	chr13:46804551-46804900	350	0.0145385	0.0017923	6.35365e-14	1	1	1
deletion	chr13:47093351-47094000	650	0.148741	0.000288504	4.23864e-12	1	1	1
deletion	chr13:47133001-47133300	300	0.0169616	0.0878144	1.0951e-10	1	1	1
deletion	chr13:47136451-47136650	200	0.0381637	639.5	0.00405958	1	1	1
deletion	chr13:47221651-47222150	500	0	1.0474e-06	1.58096e-29	1	1	1
deletion	chr13:47541551-47542100	550	0.0185036	2.22832e-07	5.4393e-21	1	1	1
deletion	chr13:47564551-47564800	250	0.0814159	89.4719	8.86769e-05	1	1	1
duplication	chr13:47802851-47808450	5600	1.79597	0	0.0705939	2.65621e-10	434.301	1
deletion	chr13:47824951-47825450	500	0.00508849	3.18745e-10	1.64269e-26	1	1	1
deletion	chr13:47884951-47885700	750	0.132301	1.93563e-06	3.32455e-18	1	1	1
deletion	chr13:47983051-47986450	3400	0.576197	4.68743e-11	1.61298	0.0023507	1601.57	1
duplication	chr13:48121251-48124150	2900	1.78009	1.09912e-09	1.02487	4617.44	3.35809e+06	1
deletion	chr13:48183251-48183450	200	0	260.082	1.42688e-06	1	1	1
deletion	chr13:48270801-48270950	150	0	8249.11	0.00955651	1	1	1
deletion	chr13:48295201-48295800	600	0.0254425	6.90614e-07	6.20722e-18	1	1	1
deletion	chr13:48653351-48653500	150	0	8249.11	0.00955651	1	1	1
deletion	chr13:48729751-48730000	250	0.0712389	359.597	0.0222618	1	1	1
deletion	chr13:48836451-48837150	700	0.00363464	2.27675e-10	1.31391e-40	1	1	1
deletion	chr13:48921501-48921750	250	0.0610619	54.9953	4.42683e-06	1	1	1
deletion	chr13:48967251-48968450	1200	0.0869284	3.98431e-10	0.244253	1	1	1
deletion	chr13:49039801-49041050	1250	0	1.27498e-10	6.46029e-87	1	1	1
deletion	chr13:49098201-49098550	350	0.123578	0.143071	3.49721e-10	1	1	1
deletion	chr13:49108451-49108650	200	0	260.082	1.42688e-06	1	1	1
deletion	chr13:49202751-49202950	200	0.0763274	1497.32	0.0446535	1	1	1
deletion	chr13:49206101-49206700	600	0	2.12497e-09	3.5245e-37	1	1	1
deletion	chr13:49207351-49208350	1000	0.00763274	1.59373e-10	1.62282e-50	1	1	1
deletion	chr13:49279951-49280600	650	0.0195711	3.67783e-09	3.45917e-23	1	1	1
deletion	chr13:49473601-49473800	200	0	260.082	1.42688e-06	1	1	1
deletion	chr13:49474601-49476150	1550	0.517056	0.00360421	10208.4	1	1	1
deletion	chr13:49646701-49647000	300	0	0.349742	3.18101e-14	1	1	1
deletion	chr13:50406151-50407150	1000	0.193363	3.9532e-05	0.230141	1	1	1
deletion	chr13:50407901-50408100	200	0	260.082	1.42688e-06	1	1	1
duplication	chr13:50408501-50409500	1000	2.26692	3.69598e-05	4.98462e-30	1	1	1
deletion	chr13:50432451-50432900	450	0.339233	0.578274	0.000457351	1	1	1
deletion	chr13:50649101-50649300	200	0.0636062	1388.91	0.0446535	1	1	1
deletion	chr13:50750351-50750550	200	0.0381637	166.715	0.000325322	1	1	1
deletion	chr13:50800151-50800300	150	0	8249.11	0.00955651	1	1	1
duplication	chr13:50909301-50911700	2400	2.04812	8.97055e-06	43.6038	298345	1.42872e+08	1
deletion	chr13:51016701-51016900	200	0.0381637	166.715	0.000325322	1	1	1
deletion	chr13:51104451-51104650	200	0	260.082	1.42688e-06	1	1	1
deletion	chr13:51329751-51331100	1350	0.595542	0.00114233	82.0133	1	1	1
deletion	chr13:51429751-51430750	1000	0.00254425	1.59373e-10	9.39893e-62	1	1	1
duplication	chr13:51664401-51667550	3150	1.34401	0.000166222	1.80278e+06	45.9528	3.75222e+06	1
deletion	chr13:51779501-51779750	250	0.0712389	359.597	0.0222618	1	1	1
deletion	chr13:51922551-51923000	450	0.0848082	0.00336678	1.37922e-15	1	1	1
duplication	chr13:52109251-52110700	1450	1.52304	0.00599928	54243.9	1	1	1
deletion	chr13:52258301-52258500	200	0	260.082	1.42688e-06	1	1	1
deletion	chr13:52273601-52273850	250	0	9.20731	2.13048e-10	1	1	1
deletion	chr13:52278051-52278200	150	0	8249.11	0.00955651	1	1	1
deletion	chr13:52305201-52305700	500	0.0865044	0.0108706	2.71854e-07	1	1	1
deletion	chr13:52346801-52347150	350	0.210809	6.83773	0.000772253	1	1	1
deletion	chr13:52470001-52470400	400	0.0190818	5.21427e-05	3.68632e-17	1	1	1
deletion	chr13:52520951-52523150	2200	0.00115648	7.24421e-11	2.46112e-146	260.082	1.42688e-06	1
deletion	chr13:52743151-52743500	350	0	0.01393	4.74957e-18	1	1	1
deletion	chr13:52772701-52772900	200	0.0636062	180.66	0.000325322	1	1	1
deletion	chr13:52902651-52903050	400	0.0381637	0.00467843	6.94507e-13	1	1	1
deletion	chr13:53315001-53317300	2300	0.744469	0.0447509	4.11453e+07	569530	4.3835e+08	1
deletion	chr13:54543651-54545150	1500	0.010177	1.06248e-10	6.24013e-58	1	1	1
deletion	chr13:54548151-54548350	200	0	260.082	1.42688e-06	1	1	1
deletion	chr13:54591151-54591600	450	0.0169616	1.09082e-06	2.13877e-20	1	1	1
deletion	chr13:54600151-54600400	250	0.030531	4.274	1.88748e-07	1	1	1
duplication	chr13:54768251-54770900	2650	1.51023	0.00018186	5.81047e+06	113.241	1.14754e+06	1
duplication	chr13:54771051-54772950	1900	2.13315	4.50477e-05	49384	1	1	1
deletion	chr13:55503551-55512200	8650	0.536792	1.84246e-11	3.85846e+08	2.39658e-11	6.13683e+08	1
deletion	chr13:55664201-55664600	400	0	0.000574076	7.09158e-22	1	1	1
duplication	chr13:55696051-55699350	3300	1.46641	8.03827e-06	1.20909e+07	5746.87	3.32813e+08	1
deletion	chr13:55821401-55821750	350	0.254425	24.4995	2.7673e-05	1	1	1
deletion	chr13:56131051-56132100	1050	0.225348	3.67316e-08	2.31227e-11	1	1	1
deletion	chr13:56401101-56401900	800	0.0445243	5.57804e-09	5.32082e-20	1	1	1
deletion	chr13:56460301-56460750	450	0.0169616	1.7389e-05	6.2595e-18	1	1	1
deletion	chr13:56554901-56555850	950	0.0749883	2.18089e-09	4.21215e-15	1	1	1
deletion	chr13:56855901-56856500	600	0.339233	0.0685436	2.5426e-06	1	1	1
deletion	chr13:56864851-56865050	200	0.0254425	182.596	0.000325322	1	1	1
deletion	chr13:56960251-56960450	200	0.0127212	21.9841	2.29637e-05	1	1	1
deletion	chr13:57004401-57004600	200	0.114491	818.907	0.0446535	1	1	1
deletion	chr13:57129451-57130600	1150	0.0508849	1.38585e-10	2.82049e-13	1	1	1
deletion	chr13:57365551-57365800	250	0.10177	320.402	0.0222618	1	1	1
deletion	chr13:57395501-57395700	200	0.139934	233.074	0.0446535	1	1	1
deletion	chr13:57411001-57412100	1100	0.30531	3.92636e-08	2.55377e-12	1	1	1
deletion	chr13:57603501-57603850	350	0.0508849	1.46778	8.00517e-07	1	1	1
deletion	chr13:57650501-57650750	250	0.0610619	21.8701	4.42683e-06	1	1	1
duplication	chr13:57814801-57816200	1400	1.80096	0.0348847	0.000120504	1	1	1
deletion	chr13:58125851-58126250	400	0.0127212	1.8025e-06	1.83676e-19	1	1	1
deletion	chr13:58346051-58346950	900	0.169616	8.05717e-07	1.71636e-08	1	1	1
deletion	chr13:58347051-58352200	5150	0.38633	3.09461e-11	2.87082e+09	2.31616e-06	2.87089e+09	1
deletion	chr13:58419951-58421100	1150	0.227876	0.00129318	1.87356e+09	1	1	1
deletion	chr13:58424201-58424750	550	0.208166	0.0218979	6.79151e-09	1	1	1
deletion	chr13:58425601-58425800	200	0.152655	151.248	0.0446535	1	1	1
deletion	chr13:58520801-58522200	1400	0	1.13838e-10	2.15039e-98	1	1	1
duplication	chr13:58524651-58525200	550	2.66915	0.037331	2.50716e-32	1	1	1
deletion	chr13:58816651-58817900	1250	0.327699	5.43193e-06	6.95211	1	1	1
deletion	chr13:58898501-58922950	24450	0.349222	6.5183e-12	2.871e+09	7.099e-12	2.871e+09	1
deletion	chr13:58938051-58938450	400	0.254425	3.3149	0.000435587	1	1	1
duplication	chr13:58961001-58965950	4950	1.85036	0	9.89442e+06	0	9.78132e+07	1
duplication	chr13:58968001-58991850	23850	1.45497	0	2.48927e+09	0	2.51923e+09	1
duplication	chr13:58994051-59001850	7800	1.73661	0	6966.82	0	191769	1
deletion	chr13:59005051-59006600	1550	0.252783	1.02821e-10	0.0594698	1	1	1
deletion	chr13:59013751-59024150	10400	0.479003	1.53243e-11	2.18443e+09	1.89729e-11	2.30231e+09	1
deletion	chr13:59039851-59040300	450	0.265732	0.14762	1.08819e-05	1	1	1
deletion	chr13:59347951-59348450	500	0.254425	0.397008	1.73091e-05	1	1	1
deletion	chr13:59376101-59381850	5750	0.116372	2.7717e-11	2.54573e-49	4.24993e-11	2.99802e-53	1
deletion	chr13:59406451-59407150	700	0.163559	0.000146446	1.0589e-13	1	1	1
deletion	chr13:59490251-59491900	1650	0.260592	9.65894e-11	1.5024e-27	1	1	1
duplication	chr13:59494301-59496000	1700	1.64628	0.000573459	3.71759	1	1	1
deletion	chr13:59505401-59505850	450	0.30531	12.1589	0.0147389	1	1	1
duplication	chr13:59530051-59533500	3450	2.04867	0	6.40915	7.06649e-05	663755	1
deletion	chr13:59721551-59721900	350	0.00726927	2.68561e-05	6.14185e-16	1	1	1
deletion	chr13:59767651-59768350	700	0.199905	0.0132081	11.1608	1	1	1
deletion	chr13:59777301-59780850	3550	0	4.48937e-11	6.58163e-263	1.02821e-10	7.15788e-110	1
deletion	chr13:59786051-59787450	1400	0.174463	1.13838e-10	2.1624e-26	1	1	1
deletion	chr13:59788701-59788850	150	0	8249.11	0.00955651	1	1	1
deletion	chr13:59789201-59790800	1600	0.0954092	9.96078e-11	3.67206e+08	1	1	1
deletion	chr13:59792851-59795650	2800	0.278958	5.69188e-11	69.1917	1.99216e-10	2.63945e-23	1
deletion	chr13:59797301-59802250	4950	0.0416331	3.21965e-11	4.76921e-169	5.40246e-11	3.22539e-97	1
deletion	chr13:59802951-59805950	3000	0.200995	5.31242e-11	0.00011421	0.00356348	98006.9	1
deletion	chr13:59807651-59809950	2300	0.105088	6.92924e-11	1.72641e-14	0.0878144	1.0951e-10	1
deletion	chr13:59812001-59814550	2550	0.262407	6.2499e-11	2.28692e-27	2.22304e-05	2.81577e-18	1
duplication	chr13:60006551-60008000	1450	1.6406	0.000888452	54243.9	1	1	1
deletion	chr13:60102351-60103150	800	0.120852	6.4506e-07	5.32082e-20	1	1	1
deletion	chr13:60127401-60127550	150	0	8249.11	0.00955651	1	1	1
deletion	chr13:60327501-60328150	650	0	2.45188e-10	5.26244e-41	1	1	1
deletion	chr13:60329051-60329350	300	0.0339233	3.04015	1.76103e-07	1	1	1
deletion	chr13:60537401-60537600	200	0	260.082	1.42688e-06	1	1	1
deletion	chr13:60722101-60722300	200	0	260.082	1.42688e-06	1	1	1
deletion	chr13:60781701-60785550	3850	0.574273	4.13955e-11	1.82366e-08	3.23914e-08	15.6493	1
deletion	chr13:60876451-60877200	750	0	2.12497e-10	1.17318e-48	1	1	1
deletion	chr13:60899951-60901150	1200	0.154775	1.3281e-10	1.09727e-05	1	1	1
deletion	chr13:60903751-60904250	500	0.178097	0.036726	2.72401e-11	1	1	1
deletion	chr13:60942701-60947250	4550	0.504376	3.50269e-11	1.07512e-16	6.2499e-11	5.16577e-17	1
duplication	chr13:60986651-60999000	12350	1.49297	0	208645	0	976406	1
deletion	chr13:61118551-61119000	450	0	2.42749e-05	1.05884e-25	1	1	1
deletion	chr13:61556101-61556900	800	0.321211	0.000789401	7.36419e-09	1	1	1
deletion	chr13:61571601-61571850	250	0.142478	894.428	0.0222618	1	1	1
deletion	chr13:61607701-61609950	2250	0.00113078	7.08322e-11	7.36013e-150	9.20731	2.13048e-10	1
deletion	chr13:61886851-61887500	650	0.266167	0.000182037	9.38308e-10	1	1	1
deletion	chr13:62046651-62047000	350	0	0.01393	4.74957e-18	1	1	1
deletion	chr13:62139901-62140800	900	0.0706735	1.77081e-10	4.12456e-20	1	1	1
deletion	chr13:62290051-62290350	300	0.093289	7.44094	5.32303e-06	1	1	1
deletion	chr13:62533701-62534700	1000	0.0152655	1.59373e-10	1.62282e-50	1	1	1
deletion	chr13:62563551-62565150	1600	0.333932	1.21973e-05	1.41243e+06	1	1	1
deletion	chr13:62630451-62631350	900	0.0424041	1.25727e-08	3.82424e-06	1	1	1
deletion	chr13:62641001-62642150	1150	0.0265487	1.38585e-10	1.43122e-32	1	1	1
deletion	chr13:62827351-62827800	450	0.226155	0.504608	1.97812e-07	1	1	1
deletion	chr13:62830351-62832750	2400	0.552313	4.44915e-09	576329	18344.2	4.69162e+07	1
deletion	chr13:62881501-62882450	950	0.297275	0.00125054	0.000102204	1	1	1
deletion	chr13:62883551-62884000	450	0.231809	0.0618876	1.08819e-05	1	1	1
deletion	chr13:63068751-63069300	550	0.0740144	0.00116504	5.06694e-11	1	1	1
duplication	chr13:63142901-63143750	850	1.85281	0.00948112	7.72748e-07	1	1	1
deletion	chr13:63166001-63170300	4300	0.589318	3.70634e-11	681.698	3.46462e-10	821727	1
deletion	chr13:63187951-63189900	1950	0.045666	8.17295e-11	1.00224e-46	1	1	1
deletion	chr13:63194451-63195300	850	0.134695	9.69885e-06	1.55405e-07	1	1	1
duplication	chr13:63237901-63238500	600	63.7503	0.00979364	0	1	1	1
